atividade_anterior,setor,cnpjs
Administração pública,Administração Pública,441
Agricultura,Agropecuária,376
Alimentação coletiva e bufês,"Turismo, Hotelaria e Alimentação",410
Apoio à educação,Educação,68
Armazenagem e serviços de transporte,Transporte e Logística,882
Arrendamento mercantil financeiro,Financeiro e Seguros,12
Artes e espetáculos,"Mídia, Cultura e Entretenimento",934
Assistência social,Assistência Social e Organizações,27
Atendimento móvel de saúde,Saúde,17
Audiovisual e música,"Mídia, Cultura e Entretenimento",543
Automóveis,Automotivo,74
Autopeças,Automotivo,764
Açúcar,Alimentos e Bebidas,99
Aérea,Aviação,317
Bancos,Financeiro e Seguros,538
Bebidas alcoólicas,Alimentos e Bebidas,152
Bebidas não alcoólicas,Alimentos e Bebidas,99
Bicicletas,Outras Indústrias,45
Biocombustíveis,"Petróleo, Gás e Combustíveis",107
Borracha e pneus,Químico,218
Café,Alimentos e Bebidas,73
Calçados e artigos de couro,"Têxtil, Vestuário e Calçados",623
Caminhões e ônibus,Automotivo,27
Capitalização,Financeiro e Seguros,18
Carnes e frigoríficos,Alimentos e Bebidas,395
Carrocerias e reboques,Automotivo,78
Carvão mineral,Mineração e Metalurgia,4
Combustíveis,"Petróleo, Gás e Combustíveis",2482
Componentes eletrônicos,Eletrônicos e Eletrodomésticos,198
Comércio atacadista — diversos,Comércio Diversificado,2920
Comércio de alimentos,Alimentos e Bebidas,3274
Comércio de alimentos e tabaco,Alimentos e Bebidas,187
Comércio de bebidas,Alimentos e Bebidas,540
Comércio de matérias-primas agropecuárias,Agropecuária,620
Comércio de máquinas e equipamentos,Máquinas e Equipamentos,1580
Comércio varejista — diversos,Comércio Diversificado,1188
Construção Civil,Construção Civil,4
Construção naval,Naval,105
Consultoria e sedes de empresas,Serviços Profissionais,661
Consultórios e clínicas,Saúde,391
Correios e entregas,Transporte e Logística,11
Crédito e financiamento,Financeiro e Seguros,130
Cuidados e assistência com alojamento,Assistência Social e Organizações,26
Cultura e patrimônio,"Mídia, Cultura e Entretenimento",23
Defensivos agrícolas,Agroquímicos e Fertilizantes,72
Diagnóstico e terapias,Saúde,323
Edição de livros e periódicos,"Mídia, Cultura e Entretenimento",287
Educação básica,Educação,266
Educação profissional,Educação,15
Eletrodomésticos,Eletrônicos e Eletrodomésticos,246
Engenharia e arquitetura,Serviços Profissionais,712
Ensino superior,Educação,610
Equipamentos de comunicação,Eletrônicos e Eletrodomésticos,454
Equipamentos elétricos,Máquinas e Equipamentos,683
Equipamentos médicos,Saúde,2061
Equipamentos para petróleo e gás,Máquinas e Equipamentos,37
Esporte e recreação,"Mídia, Cultura e Entretenimento",405
Farmacêutico,Farmacêutico,813
Fertilizantes,Agroquímicos e Fertilizantes,506
Frutas e vegetais processados,Alimentos e Bebidas,201
Fundição,Mineração e Metalurgia,76
Gases industriais,Químico,34
Gestão de ativos intangíveis,Locação de Bens,84
Gestão de saúde,Saúde,35
Holdings e participações,Holdings e Participações,731
Hospitais,Saúde,527
Hotéis e hospedagem,"Turismo, Hotelaria e Alimentação",2176
Imobiliário,Imobiliário,539
Impressão e reprodução,"Mídia, Cultura e Entretenimento",222
Indústria aeronáutica,Aviação,54
Informática,Eletrônicos e Eletrodomésticos,738
Instrumentos de medição,Eletrônicos e Eletrodomésticos,182
Insumos agropecuários,Agropecuária,704
Jogos e apostas,"Mídia, Cultura e Entretenimento",1
Laticínios,Alimentos e Bebidas,241
Limpeza e cosméticos,Higiene e Cosméticos,645
Limpeza e serviços prediais,Serviços Administrativos e Operacionais,450
Livros e papelaria,"Mídia, Cultura e Entretenimento",373
Locação de máquinas e equipamentos,Locação de Bens,669
Locação de objetos pessoais,Locação de Bens,58
Locação de veículos,Locação de Bens,242
Madeira,"Madeira, Papel e Celulose",152
Manutenção aeronáutica,Aviação,4
Materiais de construção,Materiais de Construção,1664
Material ferroviário,Outras Indústrias,31
Metalurgia de metais não ferrosos,Mineração e Metalurgia,120
Mineração de ferro,Mineração e Metalurgia,54
Mineração de outros metais,Mineração e Metalurgia,87
"Mineração de pedra, areia e argila",Mineração e Metalurgia,158
Mineração não metálica,Mineração e Metalurgia,44
Moagem e alimentos farináceos,Alimentos e Bebidas,770
Motocicletas,Automotivo,66
Máquinas agrícolas,Máquinas e Equipamentos,481
Máquinas e equipamentos,Máquinas e Equipamentos,1379
Máquinas para construção e mineração,Máquinas e Equipamentos,200
Móveis,Móveis e Decoração,372
Móveis e decoração,Móveis e Decoração,126
Navegação de apoio,Transporte e Logística,123
Não identificado,Não identificado,7688
Organismos internacionais,Administração Pública,4
Outras atividades de ensino,Educação,252
Outras indústrias,Outras Indústrias,728
Outros alimentos,Alimentos e Bebidas,720
Outros alojamentos,"Turismo, Hotelaria e Alimentação",54
Outros equipamentos de transporte,Outras Indústrias,15
Outros serviços de saúde,Saúde,40
Outros serviços financeiros,Financeiro e Seguros,272
Outros serviços profissionais,Serviços Profissionais,779
Papel e celulose,"Madeira, Papel e Celulose",374
Papel e embalagens,"Madeira, Papel e Celulose",147
Pecuária,Agropecuária,171
Pesca e aquicultura,Agropecuária,24
Pescados,Alimentos e Bebidas,106
Pesquisa e desenvolvimento,Serviços Profissionais,211
Petróleo e gás,"Petróleo, Gás e Combustíveis",348
Plásticos,Químico,1170
Produtos de metal,Mineração e Metalurgia,976
Profissionais de saúde,Saúde,43
Publicidade e pesquisa de mercado,Serviços Profissionais,679
Químico,Químico,1405
Reciclagem e sucata,Saneamento e Meio Ambiente,67
Recondicionamento de motores,Automotivo,6
Refino e derivados de petróleo,"Petróleo, Gás e Combustíveis",73
Restaurantes e alimentação,"Turismo, Hotelaria e Alimentação",2427
Rádio,"Mídia, Cultura e Entretenimento",313
Segurança e vigilância,Serviços Administrativos e Operacionais,507
Seguros e previdência,Financeiro e Seguros,406
Seleção e locação de mão de obra,Serviços Administrativos e Operacionais,360
Sementes e mudas,Agropecuária,114
Serviços administrativos,Serviços Administrativos e Operacionais,2746
Serviços aeroportuários,Aviação,71
Serviços agropecuários,Agropecuária,199
Serviços auxiliares financeiros,Financeiro e Seguros,612
Serviços de mineração,Mineração e Metalurgia,10
Serviços domésticos,Serviços Pessoais,1
Serviços financeiros,Financeiro e Seguros,2
Serviços jurídicos e contábeis,Serviços Profissionais,207
Serviços pessoais,Serviços Pessoais,92
Siderurgia,Mineração e Metalurgia,200
Siderurgia e metalurgia,Mineração e Metalurgia,165
Silvicultura,"Madeira, Papel e Celulose",87
Supermercados,Alimentos e Bebidas,976
Tabaco,Tabaco,71
Tecnologia da informação,Tecnologia da Informação,1579
Telecomunicações,Telecomunicações,345
Televisão,"Mídia, Cultura e Entretenimento",242
Testes e análises técnicas,Serviços Profissionais,138
Tintas e vernizes,Químico,201
Transporte aquaviário,Transporte e Logística,94
Transporte dutoviário,Transporte e Logística,7
Transporte espacial,Transporte e Logística,1
Transporte ferroviário,Transporte e Logística,35
Transporte rodoviário de cargas,Transporte e Logística,974
Transporte rodoviário de passageiros,Transporte e Logística,1359
Turismo e agências de viagens,"Turismo, Hotelaria e Alimentação",641
Têxteis e vestuário,"Têxtil, Vestuário e Calçados",797
Têxtil,"Têxtil, Vestuário e Calçados",621
Vestuário,"Têxtil, Vestuário e Calçados",328
Veterinária,Agropecuária,18
Áudio e vídeo,Eletrônicos e Eletrodomésticos,71
Óleos e gorduras vegetais,Alimentos e Bebidas,131
Óptica,Saúde,24
Óptica e fotografia,Eletrônicos e Eletrodomésticos,15
